{"cameraMode":{"drawMode":0,"name":"Shaded","section":"Shading Mode"},"sceneLighting":false,"audioPlay":false,"sceneViewState":{"showFog":true,"showMaterialUpdate":false,"showSkybox":false,"showFlares":true,"showImageEffects":true,"showParticleSystems":true},"in2DMode":false,"pivot":{"x":-0.09282791614532471,"y":0.4516116976737976,"z":-0.018648477271199228},"rotation":{"x":-0.27767208218574526,"y":0.415519118309021,"z":-0.13485006988048554,"w":-0.8556049466133118},"size":0.7662004232406616,"orthographic":false}