{"cameraMode":{"drawMode":0,"name":"Shaded","section":"Shading Mode"},"sceneLighting":false,"audioPlay":false,"sceneViewState":{"showFog":true,"showMaterialUpdate":false,"showSkybox":false,"showFlares":true,"showImageEffects":true,"showParticleSystems":true},"in2DMode":false,"pivot":{"x":0.22999709844589234,"y":5.587935447692871e-8,"z":-0.19344709813594819},"rotation":{"x":-0.27767208218574526,"y":0.415519118309021,"z":-0.13485006988048554,"w":-0.8556049466133118},"size":0.6131437420845032,"orthographic":false}