{"cameraMode":{"drawMode":0,"name":"Shaded","section":"Shading Mode"},"sceneLighting":false,"audioPlay":false,"sceneViewState":{"showFog":true,"showMaterialUpdate":false,"showSkybox":false,"showFlares":true,"showImageEffects":true,"showParticleSystems":true},"in2DMode":false,"pivot":{"x":1.1799999475479127,"y":-3.725290298461914e-9,"z":-0.09613674879074097},"rotation":{"x":-0.27767208218574526,"y":0.415519118309021,"z":-0.13485006988048554,"w":-0.8556049466133118},"size":0.7202842831611633,"orthographic":false}