{"cameraMode":{"drawMode":0,"name":"Shaded","section":"Shading Mode"},"sceneLighting":false,"audioPlay":false,"sceneViewState":{"showFog":true,"showMaterialUpdate":false,"showSkybox":false,"showFlares":true,"showImageEffects":true,"showParticleSystems":true},"in2DMode":false,"pivot":{"x":-1.0748145580291749,"y":0.4864421784877777,"z":-0.01816856488585472},"rotation":{"x":-0.27767208218574526,"y":0.415519118309021,"z":-0.13485006988048554,"w":-0.8556049466133118},"size":0.7912434339523315,"orthographic":false}