{"cameraMode":{"drawMode":0,"name":"Shaded","section":"Shading Mode"},"sceneLighting":false,"audioPlay":false,"sceneViewState":{"showFog":true,"showMaterialUpdate":false,"showSkybox":false,"showFlares":true,"showImageEffects":true,"showParticleSystems":true},"in2DMode":false,"pivot":{"x":2.3429999351501467,"y":1.862645149230957e-8,"z":-0.10868048667907715},"rotation":{"x":-0.27767208218574526,"y":0.415519118309021,"z":-0.13485006988048554,"w":-0.8556049466133118},"size":0.7265632748603821,"orthographic":false}